Reviewed,Name,Type,Materials
No,## Important Commands ##,,
No,Day 8 - IPv4 Addressing (Part 2),,
No,Day 9 - Switch Interfaces,,
No,Day 10 - IPv4 Header,,
No,Day 16 - VLANs Part 1,,
No,Day 17 - VLANs Part 2,,
No,Day 18 - VLANs Part 3,,
No,Day 19 - DTP/VTP,,
No,Day 20 - STP Part 1,,
No,Day 21 - STP Part 2,,
No,Day 22 - Rapid STP,,
No,Day 23 - EtherChannel,,
No,Day 24 - Dynamic Routing,,
No,Day 25 - RIP & EIGRP,,
No,Day 25 Lab - Configuring EIGRP,,
No,Day 26 - OSPF Part 1,,
No,Day 27 - OSPF Part 2,,
No,Day 28 - OSPF Part 3,,
No,Day 29 - First Hop Redundancy Protocol (FHRP),,
No,Day 30 - TCP & UDP,,
No,Day 31 - IPv6 Part 1,,
No,Day 32 - IPv6 Part 2,,
No,Day 33 - IPv6 Part 3,,
No,Day 34 - Standard ACLs,,
No,Day 35 - Extended ACLs,,
No,Day 36 - CDP & LLDP,,
No,Day 37 - NTP,,
No,Day 38 - DNS,,